t,x,y
8.12,9.600807869627812e-09,-2.2140567700259873e-21
8.14,9.600811043092666e-09,-2.2140583374301396e-21
8.16,9.60081421430979e-09,-2.2140599170425445e-21
8.18,9.600817382850576e-09,-2.2140615086179982e-21
8.2,9.600820548282448e-09,-2.2140631119020035e-21
8.22,9.60082371017538e-09,-2.214064726634061e-21
8.24,9.600826868093504e-09,-2.214066352543376e-21
8.26,9.600830021602056e-09,-2.214067989352365e-21
8.28,9.60083317026348e-09,-2.2140696367746754e-21
8.3,9.600835917640528e-09,-2.2140710849517223e-21
8.32,9.600835290096413e-09,-2.2140707529557563e-21
8.34,9.60083466284083e-09,-2.214070421112435e-21
8.36,9.600834035761626e-09,-2.214070089362426e-21
8.38,9.60083340874601e-09,-2.214069757646054e-21
8.4,9.600832781681037e-09,-2.214069425903572e-21
8.42,9.600832154453692e-09,-2.2140690940751914e-21
8.44,9.600831526951338e-09,-2.214068762101318e-21
8.46,9.600755571959903e-09,-2.214032538994127e-21
8.48,9.600758720571e-09,-2.214033876037811e-21
8.5,9.600761874000201e-09,-2.2140352282762545e-21
8.52,9.600765031810229e-09,-2.2140365955807706e-21
8.54,9.600768193566576e-09,-2.214037977816581e-21
8.56,9.60077135883429e-09,-2.2140393748413927e-21
8.58,9.600774527180957e-09,-2.2140407865066924e-21
8.6,9.600777698175314e-09,-2.2140422126571485e-21
8.62,9.600780871386938e-09,-2.2140436531304977e-21
8.64,9.600784046388274e-09,-2.2140451077584676e-21
8.66,9.600787222749862e-09,-2.214046576364616e-21
8.68,9.600790400044068e-09,-2.2140480587660073e-21
8.7,9.600793577843757e-09,-2.2140495547726253e-21
8.72,9.600796755722057e-09,-2.214051064187282e-21
8.74,9.600799933251097e-09,-2.2140525868050086e-21
8.76,9.600803110004547e-09,-2.214054122414263e-21
8.78,9.600806285554519e-09,-2.2140556707954376e-21
8.8,9.600809459473229e-09,-2.2140572317216798e-21
8.82,9.600812631331713e-09,-2.2140588049582447e-21
8.84,9.600815800700693e-09,-2.2140603902629273e-21
8.86,9.600818967149521e-09,-2.214061987385486e-21
8.88,9.600822130246295e-09,-2.214063596067768e-21
8.9,9.600825289558e-09,-2.2140652160437387e-21
8.92,9.600828444648737e-09,-2.214066847038595e-21
8.94,9.600831595082092e-09,-2.2140684887699025e-21
8.96,9.600834740419519e-09,-2.2140701409467833e-21
8.98,9.600834282633283e-09,-2.214069899417642e-21
9.0,9.600833655319293e-09,-2.214069568467622e-21
9.02,9.600833028190195e-09,-2.214069237615147e-21
9.04,9.600832401133274e-09,-2.214068906800749e-21
9.06,9.600831774035403e-09,-2.2140685759647467e-21
9.08,9.600831146783418e-09,-2.214068245047437e-21
9.1,9.60083051926469e-09,-2.214067913989399e-21
9.12,9.600756150604788e-09,-2.214032475591334e-21
9.14,9.600759300055986e-09,-2.2140338153582774e-21
9.16,9.600762454231379e-09,-2.2140351702902504e-21
9.18,9.600765612691693e-09,-2.2140365402562113e-21
9.2,9.6007687749994e-09,-2.214037925118499e-21
9.22,9.600771940719821e-09,-2.214039324733344e-21
9.24,9.600775109419596e-09,-2.2140407389502094e-21
9.26,9.60077828066613e-09,-2.2140421676115535e-21
9.28,9.60078145402871e-09,-2.214043610553381e-21
9.3,9.60078462907941e-09,-2.214045067605621e-21
9.32,9.600787805388906e-09,-2.2140465385902335e-21
9.34,9.600790982528623e-09,-2.2140480233222255e-21
9.36,9.60079416007131e-09,-2.2140495216098893e-21
9.38,9.600797337589606e-09,-2.2140510332541534e-21
9.4,9.600800514656223e-09,-2.214052558048684e-21
9.42,9.600803690843057e-09,-2.2140540957794323e-21
9.44,9.600806865722705e-09,-2.2140556462253592e-21
9.46,9.600810038866898e-09,-2.214057209157723e-21
9.48,9.600813209845455e-09,-2.21405878433953e-21
9.5,9.600816378229287e-09,-2.2140603715269737e-21
9.52,9.600819543586222e-09,-2.2140619704674303e-21
9.54,9.600822705484999e-09,-2.2140635809013745e-21
9.56,9.60082586349025e-09,-2.2140652025598856e-21
9.58,9.600829017167452e-09,-2.214066835167151e-21
9.6,9.600832166078025e-09,-2.2140684784379342e-21
9.62,9.600833783433929e-09,-2.21406932751311e-21
9.64,9.60083315598096e-09,-2.2140689972007926e-21
9.66,9.600832528766459e-09,-2.214068667014014e-21
9.68,9.600831901678213e-09,-2.214068336893699e-21
9.7,9.600831274603406e-09,-2.2140680067804586e-21
9.72,9.600830647429251e-09,-2.2140676766149167e-21
9.74,9.60083002004293e-09,-2.2140673463376822e-21
9.76,9.60075506932557e-09,-2.2140317191381437e-21
9.78,9.600758217047891e-09,-2.2140330536280774e-21
9.8,9.600761369628922e-09,-2.2140344033192393e-21
9.82,9.600764526628774e-09,-2.21403576808262e-21
9.84,9.600767687609329e-09,-2.2140371477826275e-21
9.86,9.600770852134968e-09,-2.2140385422774e-21
9.88,9.600774019772166e-09,-2.2140399514186187e-21
9.9,9.600777190088053e-09,-2.2140413750509553e-21
9.92,9.600780362650814e-09,-2.2140428130121884e-21
9.94,9.600783537031268e-09,-2.214044265133972e-21
9.96,9.600786712799314e-09,-2.214045731240224e-21
9.98,9.600789889527399e-09,-2.214047211148693e-21
10.0,9.600793066787034e-09,-2.2140487046693758e-21
10.02,9.600796244150981e-09,-2.214050211605537e-21
10.04,9.600799421191734e-09,-2.214051731753005e-21
10.06,9.600802597481478e-09,-2.2140532649001633e-21
10.08,9.600805772592635e-09,-2.2140548108281783e-21
10.1,9.60080894609661e-09,-2.214056369310425e-21
10.12,9.600812117563962e-09,-2.214057940112549e-21
10.14,9.600815286565632e-09,-2.2140595229930555e-21
10.16,9.600818452671024e-09,-2.2140611177023794e-21
10.18,9.600821615446695e-09,-2.214062723982188e-21
10.2,9.600824774458089e-09,-2.214064341566251e-21
10.22,9.60082792927135e-09,-2.214065970181383e-21
10.24,9.600831079449775e-09,-2.2140676095456045e-21
10.26,9.600833263625913e-09,-2.2140687538868355e-21
10.28,9.60083263612305e-09,-2.214068424065375e-21
10.3,9.600832008870831e-09,-2.214068094375653e-21
10.32,9.600831381756823e-09,-2.2140677647585786e-21
10.34,9.600830754668507e-09,-2.214067435155007e-21
10.36,9.60083012749299e-09,-2.2140671055056022e-21
10.38,9.600829500117557e-09,-2.2140667757511185e-21
10.4,9.600755428348025e-09,-2.2140315795452307e-21
10.42,9.600758576583751e-09,-2.2140329157193213e-21
10.44,9.600761729603665e-09,-2.2140342670691583e-21
10.46,9.600764886971082e-09,-2.214035633466031e-21
10.48,9.6007680482479e-09,-2.214037014773223e-21
10.5,9.600771213000355e-09,-2.214038410848561e-21
10.52,9.600774380795015e-09,-2.214039821542727e-21
10.54,9.600777551199778e-09,-2.2140412466996276e-21
10.56,9.600780723783662e-09,-2.214042686156312e-21
10.58,9.600783898117853e-09,-2.214044139743553e-21
10.6,9.600787073772996e-09,-2.2140456072845234e-21
10.62,9.60079025032049e-09,-2.2140470885954338e-21
10.64,9.600793427333616e-09,-2.214048583486032e-21
10.66,9.60079660438436e-09,-2.2140500917581795e-21
10.68,9.600799781045239e-09,-2.2140516132066544e-21
10.7,9.600802956888327e-09,-2.2140531476187218e-21
10.72,9.600806131486445e-09,-2.2140546947746995e-21
10.74,9.600809304410012e-09,-2.2140562544464064e-21
10.76,9.600812475230519e-09,-2.214057826398876e-21
10.78,9.600815643517643e-09,-2.214059410388938e-21
10.8,9.60081880883999e-09,-2.214061006165576e-21
10.82,9.600821970763954e-09,-2.2140626134693203e-21
10.84,9.600825128856338e-09,-2.2140642320335394e-21
10.86,9.600828282681383e-09,-2.2140658615830143e-21
10.88,9.600831431802726e-09,-2.214067501834886e-21
10.9,9.600832107036866e-09,-2.2140678551259827e-21
10.92,9.600831479612202e-09,-2.2140675261042578e-21
10.94,9.600830852388243e-09,-2.2140671971877853e-21
10.96,9.600830225252032e-09,-2.2140668683173256e-21
10.98,9.600829598090438e-09,-2.2140665394335545e-21
11.0,9.60082897079028e-09,-2.2140662104771186e-21
11.02,9.600828343238773e-09,-2.2140658813888764e-21
11.04,9.600757880802193e-09,-2.2140323403503e-21
11.06,9.60076103267527e-09,-2.2140336882609908e-21
11.08,9.600764188972553e-09,-2.2140350512380062e-21
11.1,9.600767349255955e-09,-2.21403642914602e-21
11.12,9.600770513090941e-09,-2.2140378218439065e-21
11.14,9.60077368004272e-09,-2.2140392291830868e-21
11.16,9.600776849678713e-09,-2.214040651008612e-21
11.18,9.600780021567008e-09,-2.214042087158484e-21
11.2,9.60078319527822e-09,-2.2140435374645187e-21
11.22,9.600786370382455e-09,-2.2140450017510058e-21
11.24,9.600789546451348e-09,-2.2140464798355754e-21
11.26,9.600792723056693e-09,-2.2140479715286316e-21
11.28,9.600795899769617e-09,-2.2140494766329202e-21
11.3,9.600799076163426e-09,-2.214050994944913e-21
11.32,9.600802251810055e-09,-2.2140525262531226e-21
11.34,1.0096007887388301e-06,-4.797966898248389e-19
11.36,9.500960072514896e-05,-3.678089713097422e-17
11.38,0.00019500960072831968,-7.526249029630572e-17
11.4,0.00029500960073148793,-1.141636553028413e-16
11.42,0.0003950096007346532,-1.5348399108048035e-16
11.44,0.0004980096007044376,-1.9412761389146418e-16
11.46,0.000695009600657523,-2.524332673101654e-16
11.48,0.0008950096006606768,-3.115846102965555e-16
11.5,0.0010950096006638265,-3.7157002323798676e-16
11.52,0.0012950096006639354,-4.321221046083511e-16
11.54,0.0014950096006633093,-4.926907878242596e-16
11.56,0.0016950096006626844,-5.532595659078586e-16
11.58,0.001965009600657059,-6.350273119648098e-16
11.6,0.0022650096006564305,-7.258806620494181e-16
11.62,0.0025650096006558003,-8.167341747643518e-16
11.64,0.0028650096004874436,-9.05851669705585e-16
11.66,0.0031650096004905617,-9.267757889276613e-16
11.68,0.003545009600410266,-9.211269422753194e-16
11.7,0.003945009600413425,-9.083299954146315e-16
11.72,0.004345009600416586,-8.972084119609896e-16
11.74,0.00474500960041975,-8.877789428379593e-16
11.76,0.005145009600422915,-8.800401785827165e-16
11.78,0.005546009600409403,-8.737178702556337e-16
11.8,0.006040009600345812,-8.179943642360663e-16
11.82,0.0065400096003489835,-7.595321499680494e-16
11.84,0.00704000960035216,-7.031541110887409e-16
11.86,0.007540009600355336,-6.488933835270383e-16
11.88,0.008046009600308449,-5.934439529702435e-16
11.9,0.008645009600278239,-4.689599954651266e-16
11.92,0.009245009600281406,-3.455564291550406e-16
11.94,0.009845009600284577,-2.247625916842496e-16
11.96,0.010500009600204304,-5.574535519168146e-17
11.98,0.011200009600207488,1.562437086127928e-16
12.0,0.011900009600210672,3.6534765622616145e-16
12.02,0.012600009600213855,5.715666773838044e-16
12.04,0.013300009600217039,7.749007720857222e-16
12.06,0.014075009600136752,1.0601668811379997e-15
12.08,0.014875009600139912,1.3739206787849123e-15
12.1,0.01567500960014307,1.6843769839444149e-15
12.12,0.01647500960014358,1.992343744074421e-15
12.14,0.01727500960014293,2.300170858964171e-15
12.16,0.018075009600142276,2.607997540173052e-15
12.18,0.01887500960014162,2.9158242213819314e-15
12.2,0.01967500960014097,3.22365176995255e-15
12.22,0.020475009600140315,3.5314793185231684e-15
12.24,0.02127500960001529,3.856675785838459e-15
12.26,0.022075009600018413,4.302522704649345e-15
12.28,0.02287500960002157,4.744807802483184e-15
12.3,0.023675009600024728,5.183433934825305e-15
12.32,0.024475009600027908,5.618594089662429e-15
12.34,0.025275009600031078,6.050456968852577e-15
12.36,0.02607500960003426,6.479022138714879e-15
12.38,0.02687500960003745,6.9042904666110756e-15
12.4,0.02767500960004064,7.326261952541165e-15
12.42,0.028475009600043823,7.744934861781671e-15
12.44,0.029275009600046996,8.160310929056067e-15
12.46,0.03007500960005017,8.572390588045224e-15
12.48,0.030875009600053356,8.981171670344804e-15
12.5,0.031675009600056536,9.386658079082617e-15
12.52,0.03247500960005973,9.788844176407373e-15
12.54,0.0332750096000629,1.0187723023425162e-14
12.56,0.034075009600066056,1.0583034411614576e-14
12.58,0.034875009600069215,1.0974691604801833e-14
12.6,0.03567500960007237,1.1362685062007808e-14
12.62,0.036475009600075534,1.1747012181147296e-14
12.64,0.03727500960007869,1.212767296222029e-14
12.66,0.038075009600081845,1.2504668272588528e-14
12.68,0.03887500960008501,1.2878000714337231e-14
12.7,0.03967500960008721,1.3247786513938845e-14
12.72,0.040475009600086626,1.3616541887794439e-14
12.74,0.04127500960008604,1.3985298996373507e-14
12.76,0.04207500960008545,1.4354054370229108e-14
12.78,0.04287500960008486,1.4722809744084717e-14
12.8,0.043675009600084275,1.5091564250578588e-14
12.82,0.04447500960008369,1.5460319624434197e-14
12.84,0.04527500960001193,1.5896530587978536e-14
12.86,0.04607500960001508,1.6343795209550188e-14
12.88,0.046875009600018246,1.678740563611968e-14
12.9,0.0476750096000214,1.7227349724622678e-14
12.92,0.04847500960002454,1.7663627475059182e-14
12.94,0.04927500960002771,1.8096239754790935e-14
12.96,0.05007500960003086,1.8525187431179676e-14
12.98,0.050875009600034014,1.8950473106310617e-14
13.0,0.05167500960003717,1.937209851490723e-14
13.02,0.052475009600040326,1.979006018752256e-14
13.04,0.05327500960004348,2.020435465470966e-14
13.06,0.05407500960004664,2.061498538591549e-14
13.08,0.054875009600049804,2.102194891169309e-14
13.1,0.05567500960005298,2.1425253905659833e-14
13.12,0.056475009600056136,2.1824897765730516e-14
13.14,0.05727500960005929,2.2220876155096446e-14
13.16,0.058075009600062455,2.2613188206395893e-14
13.18,0.058875009600065614,2.300183391962884e-14
13.2,0.059675009600068774,2.3386815029518772e-14
13.22,0.06047500960007192,2.3768141944406542e-14
13.24,0.061275009600075085,2.414580338858956e-14
13.26,0.06207500960007825,2.4519796759982618e-14
13.28,0.06287500960008005,2.4890348439998693e-14
13.3,0.06367500960007948,2.5260134239598993e-14
13.32,0.06447500960007889,2.5629909630858435e-14
13.34,0.06527500960007832,2.5999691961011782e-14
13.36,0.06607500960007771,2.6369476025888602e-14
13.38,0.06687500960007686,2.6739289581064454e-14
13.4,0.06767500960000919,2.7114675068011177e-14
13.42,0.06847500960001224,2.7558136308361688e-14
13.44,0.06927500960001526,2.7998660661867362e-14
13.46,0.0700750096000183,2.843625506742211e-14
13.48,0.07087500960002135,2.887091779030241e-14
13.5,0.07167500960002442,2.9302655769402244e-14
13.52,0.07247500960002747,2.973146206582764e-14
13.54,0.0732750096000305,3.0157331475408207e-14
13.56,0.07407500960003353,3.058027093703784e-14
13.58,0.07487500960003658,3.100027871599304e-14
13.6,0.07567500960003964,3.141736001644428e-14
13.62,0.07647500960004269,3.1831513103668056e-14
13.64,0.07727500960004574,3.2242731038770466e-14
13.66,0.07807500960004879,3.265101729119846e-14
13.68,0.07887500960005181,3.305637186095205e-14
13.7,0.07967500960005486,3.345879474803121e-14
13.72,0.0804750096000579,3.385829289132988e-14
13.74,0.08127500960006095,3.425485935195414e-14
13.76,0.082075009600064,3.464849066045702e-14
13.78,0.08287500960006702,3.503918681683855e-14
13.8,0.08367500960007007,3.5426954759992616e-14
13.82,0.08447500960007312,3.581178928574879e-14
13.84,0.0852750096000754,3.619375804832228e-14
13.86,0.08607500960007468,3.657477271298253e-14
13.88,0.08687500960007395,3.6955787377642775e-14
13.9,0.08767500960007323,3.733680204230302e-14
13.92,0.0884750096000724,3.7717839258368456e-14
13.94,0.08927500960007154,3.809888861749823e-14
13.96,0.0900750096000054,3.848174035428551e-14
13.98,0.09087500960000844,3.8934480630509056e-14
14.0,0.09167500960001149,3.938431524491034e-14
14.02,0.09247500960001451,3.9831219911360686e-14
14.04,0.09327500960001756,4.0275187690966184e-14
14.06,0.09407500960002062,4.071622378789728e-14
14.08,0.09487500960002368,4.115433861049482e-14
14.1,0.09567500960002673,4.1589518280971e-14
14.12,0.09647500960002978,4.202177147294319e-14
14.14,0.0972750096000328,4.245108777807053e-14
14.16,0.09807500960003585,4.287746546162957e-14
14.18,0.09887500960003892,4.3300920136131575e-14
14.2,0.09967500960004197,4.3721444862682636e-14
14.22,0.10047500960004502,4.413904137600625e-14
14.24,0.10127500960004804,4.455370273720848e-14
14.26,0.10207500960005109,4.496542721156589e-14
14.28,0.10287500960005413,4.537422520741931e-14
14.3,0.10367500960005716,4.578009499004526e-14
14.32,0.10447500960006022,4.6183036559443766e-14
14.34,0.10527500960006327,4.6583046446167853e-14
14.36,0.1060750096000663,4.69801194460471e-14
14.38,0.10687500960006933,4.7374262497975414e-14
14.4,0.1076750096000712,4.776560744093638e-14
14.42,0.10847500960007034,4.815623247365348e-14
14.44,0.10927500960006947,4.8546857506370575e-14
14.46,0.11007500960006861,4.893748253908767e-14
14.48,0.11087500960006774,4.932810757180477e-14
14.5,0.1116750096000669,4.9718739543415785e-14
14.52,0.11247500960000274,5.012543331965716e-14
14.54,0.11327500960000579,5.058589138062535e-14
14.56,0.11407500960000885,5.1043416024195664e-14
14.58,0.1148750096000119,5.149800551564461e-14
14.6,0.11567500960001495,5.194967720220695e-14
14.62,0.11647500960001797,5.239841373664794e-14
14.64,0.11727500960002102,5.284421858841451e-14
14.66,0.11807500960002407,5.328709175750666e-14
14.68,0.11887500960002712,5.372702803975397e-14
14.7,0.11967500960003016,5.416403957822078e-14
14.72,0.12047500960003321,5.45981246381836e-14
14.74,0.12127500960003623,5.502927454602506e-14
14.76,0.12207500960003928,5.545749277119212e-14
14.78,0.12287500960004233,5.588277757896128e-14
14.8,0.12367500960004538,5.630512723460907e-14
14.82,0.12447500960004845,5.6724553881199836e-14
14.84,0.1252750096000515,5.714104884511619e-14
14.86,0.12607500960005452,5.755461386108161e-14
14.88,0.12687500960005754,5.796524025547872e-14
14.9,0.12767500960006056,5.83729419060953e-14
14.92,0.12847500960006358,5.877770493514359e-14
14.94,0.1292750096000664,5.917955015930515e-14
14.96,0.13007500960006568,5.958006311583537e-14
14.98,0.13087500960006496,5.998057607236559e-14
15.0,0.13167500960006423,6.038108902889581e-14
15.02,0.1324750096000635,6.078160198542604e-14
15.04,0.13327500960006278,6.118212535029709e-14
15.06,0.1340750095999993,6.158792921339478e-14
15.08,0.13487500960000232,6.205776518947414e-14
15.1,0.13567500960000534,6.252466601343212e-14
15.12,0.13647500960000836,6.298863168526876e-14
15.14,0.13727500960001138,6.344968302166573e-14
15.16,0.1380750096000144,6.39077957364944e-14
15.18,0.13887500960001742,6.436297676864867e-14
15.2,0.13967500960002044,6.481522611812852e-14
15.22,0.14047500960002346,6.5264540315487e-14
15.24,0.14127500960002648,6.571092976906499e-14
15.26,0.1420750096000295,6.615439100941551e-14
15.28,0.14287500960003252,6.659492056709161e-14
15.3,0.14367500960003554,6.703251497264634e-14
15.32,0.14447500960003856,6.746717769552668e-14
15.34,0.14527500960004158,6.789890873573258e-14
15.36,0.1460750096000446,6.8327715032158e-14
15.38,0.14687500960004762,6.875359311535593e-14
15.4,0.14767500960005064,6.91765360464325e-14
15.42,0.14847500960005366,6.959654382538774e-14
15.44,0.14927500960005669,7.001362339111551e-14
15.46,0.1500750096000597,7.042776780472192e-14
15.48,0.15087500960006253,7.08390013523355e-14
15.5,0.15167500960006194,7.124891651010547e-14
15.52,0.15247500960006136,7.165883166787545e-14
15.54,0.15327500960006063,7.206872600896371e-14
15.56,0.15407500960005976,7.247860647226416e-14
15.58,0.1548750096000589,7.288848693556461e-14
15.6,0.15567500959999603,7.330708611902083e-14
15.62,0.15647500959999905,7.378542224013254e-14
15.64,0.15727500960000207,7.426083708691065e-14
15.66,0.1580750096000051,7.473330984267349e-14
15.68,0.1588750096000081,7.520284744631497e-14
15.7,0.15967500960001113,7.566946377562293e-14
15.72,0.16047500960001415,7.613314148336258e-14
15.74,0.16127500960001717,7.65939013862156e-14
15.76,0.1620750096000202,7.705172266750031e-14
15.78,0.1628750096000232,7.750660879666363e-14
15.8,0.16367500960002623,7.795857018204646e-14
15.82,0.16447500960002925,7.840758947641403e-14
15.84,0.16527500960003227,7.885369443534194e-14
15.86,0.1660750096000353,7.929686424214848e-14
15.88,0.16687500960003832,7.973709889683366e-14
15.9,0.16767500960004134,8.017440533829138e-14
15.92,0.16847500960004436,8.060877315818078e-14
15.94,0.16927500960004738,8.104021623428968e-14
15.96,0.1700750096000504,8.146873456661807e-14
15.98,0.17087500960005342,8.18943177468251e-14
16.0,0.17167500960005644,8.231696924435774e-14
16.02,0.17247500960005835,8.273682783709342e-14
16.04,0.17327500960005776,8.315597172375558e-14
16.06,0.17407500960005717,8.357511561041774e-14
16.08,0.17487500960005659,8.39942594970799e-14
16.1,0.1756750096000559,8.441337909761343e-14
16.12,0.17647500960005516,8.483248828980612e-14
16.14,0.17727500959999398,8.528083798087566e-14
16.16,0.178075009599997,8.576679300749388e-14
16.18,0.17887500960000002,8.624981982088462e-14
16.2,0.17967500960000304,8.672991842104791e-14
16.22,0.18047500960000606,8.720708880798373e-14
16.24,0.18127500960000908,8.768132057335123e-14
16.26,0.1820750096000121,8.815262065604431e-14
16.28,0.18287500960001513,8.86209959949569e-14
16.3,0.18367500960001815,8.908643618174813e-14
16.32,0.18447500960002117,8.954895162475885e-14
16.34,0.1852750096000242,9.000853191564821e-14
16.36,0.1860750096000272,9.046518052386315e-14
16.38,0.18687500960003023,9.091890091885062e-14
16.4,0.18767500960003325,9.136968269226978e-14
16.42,0.18847500960003627,9.181754319135539e-14
16.44,0.1892750096000393,9.226247200776658e-14
16.46,0.1900750096000423,9.270446914150339e-14
16.48,0.19087500960004533,9.314353459256575e-14
16.5,0.19167500960004835,9.357965795261285e-14
16.52,0.19247500960005137,9.401285656887942e-14
16.54,0.1932750096000544,9.444312697191854e-14
16.56,0.19407500960005433,9.487138856517087e-14
16.58,0.19487500960005358,9.529960158616543e-14
16.6,0.195675009600053,9.572783542384167e-14
16.62,0.1964750096000524,9.61560692615179e-14
16.64,0.19727500960005181,9.658430309919414e-14
16.66,0.19807500959999008,9.70141814546905e-14
16.68,0.1988750095999931,9.750920561564113e-14
16.7,0.19967500959999612,9.800132238004604e-14
16.72,0.20047500959999914,9.849050746177651e-14
16.74,0.20127500960000216,9.897675392193868e-14
16.76,0.20207512133036776,8.86314345202671e-09
16.78,0.20287512112876305,5.277457146767951e-07
16.8,0.20367512000827598,1.8466276914722907e-06
16.82,0.2044751171689078,3.96550775507091e-06
16.84,0.20527511181066127,6.8843837865460465e-06
16.86,0.20607521477057572,1.0628554055997136e-05
16.88,0.2068751982676055,1.5746283204175664e-05
16.9,0.20767516992921736,2.2463968044295147e-05
16.92,0.20847512655552575,3.078158170562846e-05
16.94,0.2092750649467051,4.0699090917766376e-05
16.96,0.210074981903003,5.2216456010664135e-05
16.98,0.21087487422475273,6.533363091490823e-05
17.0,0.21167473871238598,8.005056316172854e-05
17.02,0.21247457216644594,9.636719388351553e-05
17.04,0.21327437138759983,0.00011428345781369139
17.06,0.2140741331766519,0.0001337992832872726
17.08,0.2148738543345525,0.00015491459224089096
17.1,0.21567353166242123,0.00017762930021340576
17.12,0.2164731518876808,0.0002022671596477297
17.14,0.217272694730884,0.00022929976739256245
17.16,0.21807215287844559,0.00025873087842238495
17.18,0.2188715925045414,0.00029056309229864234
17.2,0.219670859707713,0.00032478966003355724
17.22,0.22047011642895054,0.00036181740323549616
17.24,0.2212691042805153,0.0004020363008278853
17.26,0.22206792486502439,0.0004454508195532588
17.28,0.2228665654013655,0.0004920602647802261
17.3,0.22366501311130704,0.0005418638907586798
17.32,0.22446325521970284,0.0005948609006316587
17.34,0.22526127895469608,0.0006510504464481234
17.36,0.22605917684542104,0.0007105831611229101
17.38,0.22685665601397156,0.0007740311114459531
17.4,0.22765380797562343,0.0008414656478999073
17.42,0.22845061280161924,0.0009128850846248579
17.44,0.22924705057187975,0.0009882876361386095
17.46,0.23004319916344995,0.0010678772391687775
17.48,0.23083874225052178,0.001152193765538302
17.5,0.2316337651217382,0.0012412820040978564
17.52,0.23242823915636163,0.001335138747680447
17.54,0.23322213575341277,0.0014337606174534582
17.56,0.23401542633269973,0.0015371440630402215
17.58,0.23480808233584524,0.0016452853626475793
17.6,0.23560007522731988,0.0017581806232005233
17.62,0.23639137649546613,0.0018758257804820477
17.64,0.23718195765352382,0.0019982165992791638
17.66,0.23797179024065665,0.00212534867353563
17.68,0.23876084582291787,0.0022572174265005113
17.7,0.23954909599451235,0.002393818110933285
17.72,0.2403365123784574,0.0025351458092137363
17.74,0.24112306662784813,0.0026811954335599947
17.76,0.24190873042681652,0.0028319617262013456
17.78,0.2426934754915507,0.0029874392595675434
17.8,0.24347727357131305,0.003147622436484169
17.82,0.2442600964494574,0.0033125054903741535
17.84,0.2450419159444446,0.0034820824854653785
17.86,0.24582270391085734,0.0036563473170043276
17.88,0.24660243224041317,0.0038352937114758917
17.9,0.24738107286297636,0.00401891522682918
17.92,0.24815859774756868,0.004207205252709492
17.94,0.2489349789033785,0.004400157010696284
17.96,0.24971018838076775,0.004597763554547033
17.98,0.25048419827227897,0.004800017770447507
18.0,0.2512569807136398,0.0050069123772677965
18.02,0.2520285078847656,0.005218439926824385
18.04,0.2527987520107617,0.0054345928041483246
18.06,0.2535676853629227,0.005655363227759387
18.08,0.25433528025972835,0.005880743249945447
18.1,0.2551015090678473,0.006110724757050552
18.12,0.25586634420312554,0.006345299469765493
18.14,0.25662975813158123,0.0065844589434259065
18.16,0.25739172337039506,0.006828194568316603
18.18,0.2581522124888384,0.007076497569961215
18.2,0.2589111981095134,0.007329359009520619
18.22,0.25966865290895325,0.00758676978398772
18.24,0.26042454961886763,0.007848720626603089
18.26,0.2611788610270566,0.00811520210716471
18.28,0.2619315599783909,0.008386204632368038
18.3,0.2626826193757896,0.008661718446151453
18.32,0.26343201218119544,0.008941733630047397
18.34,0.26417971141654834,0.009226240103539505
18.36,0.2649256901647567,0.009515227624425448
18.38,0.265669921570666,0.009808685789185685
18.4,0.2664123788420262,0.01010660403335799
18.42,0.2671530352504557,0.01040897163191776
18.44,0.26789186413240396,0.010715777699664187
18.46,0.2686288388901107,0.011027011191611851
18.48,0.2693639329925642,0.011342660903388637
18.5,0.27009711997645636,0.01166271547163907
18.52,0.27082837344713484,0.011987163374433235
18.54,0.2715576670795536,0.012315992931681669
18.56,0.2722849746192182,0.012649192305554656
18.58,0.2730102698831379,0.012986749500911696
18.6,0.273733526760762,0.013328652365730378
18.62,0.27445471921492076,0.013674888591544494
18.64,0.27517382128276396,0.014025445713887317
18.66,0.27589080707663716,0.014380311112712115
18.68,0.27660565078524674,0.01473947201296071
18.7,0.27731832667423656,0.015102915484849821
18.72,0.2780288090873514,0.015470628444453736
18.74,0.27873707244730134,0.015842597654145606
18.76,0.2794430912566817,0.016218809723074053
18.78,0.28014684009889174,0.01659925110764525
18.8,0.280848293639049,0.0169839081120104
18.82,0.28154742662490184,0.017372766888558933
18.84,0.2822442138877384,0.017765813438416853
18.86,0.28293863034329225,0.01816303361195084
18.88,0.28363065099264617,0.018564413109277547
18.9,0.28432025092313146,0.018969937480778416
18.92,0.28500740530922514,0.01937959212761997
18.94,0.28569208941344354,0.01979336230227905
18.96,0.28637427858723263,0.020211233109074033
18.98,0.2870539482718562,0.020633189504701062
19.0,0.2877310739992788,0.021059216298775437
19.02,0.2884056313930461,0.021489298154377865
19.04,0.2890775961691645,0.02192341958860762
19.06,0.2897469441369762,0.022361564973141023
19.08,0.2904136512000266,0.02280371853479156
19.1,0.2910776933569333,0.023249864356078728
19.12,0.29173904670219786,0.023699986375765442
19.14,0.2923976874272795,0.02415406838958129
19.16,0.2930535918211274,0.024612094050584545
19.18,0.2937067362712544,0.02507404686990121
19.2,0.2943570972645309,0.025539910217279697
19.22,0.2950046513880315,0.0260096673216898
19.24,0.2956493753298776,0.026483301271926465
19.26,0.29629124588007694,0.026960795017218674
19.28,0.296930239931359,0.02744213136784314
19.3,0.2975663344800071,0.027927292995743244
19.32,0.2981995066266859,0.028416262435152793
19.34,0.2988297335772667,0.028909022083224736
19.36,0.29945699264364734,0.029405554200665
19.38,0.30008126124456935,0.029905840912371143
19.4,0.3007025169064302,0.030409864208075395
19.42,0.30132073726409325,0.03091760594299356
19.44,0.30193590006169235,0.03142904783847799
19.46,0.30254798315343345,0.03194417148267571
19.48,0.30315696450438917,0.032462958331189486
19.5,0.30376282219129813,0.03298538970775002
19.52,0.3043655344033497,0.033511446804884604
19.54,0.3049650794429691,0.034041110684594526
19.56,0.3055614357265998,0.03457436227903736
19.58,0.3061545817854352,0.03511118239117339
19.6,0.3067444962663726,0.035651551695618455
19.62,0.30733115793250804,0.03619545073909397
19.64,0.30791454566408466,0.03674285994129313
19.66,0.308494638459207,0.037293759595543735
19.68,0.30907141543459715,0.03784812986951776
19.7,0.3096448558263464,0.03840595080594519
19.72,0.3102149389906625,0.038967202323332575
19.74,0.3107816444046131,0.03953186421668588
19.76,0.3113449516668646,0.04009991615823796
19.78,0.3119048404984162,0.040671337698180224
19.8,0.31246129074333057,0.041246108265399005
19.82,0.3130142823694591,0.04182420716821606
19.84,0.31356379546916285,0.042405613595133215
19.86,0.31410981026002965,0.04299030661558195
19.88,0.314652307085586,0.04357826518067659
19.9,0.31519126641600465,0.044169468123972294
19.92,0.315726668848806,0.04476389416222516
19.94,0.31625849510956217,0.04536152189616322
19.96,0.3167867260525851,0.045962329811253165
19.98,0.31731134266161815,0.046566296278474924
20.0,0.31783232605048134,0.047173399555055666
20.02,0.31834965746390775,0.04778361778543632
20.04,0.31886331827798203,0.048396929001778076
20.06,0.31937329000097087,0.04901331112494366
20.08,0.3198795542739469,0.0496327419652433
20.1,0.3203820928714512,0.05025519922323372
20.12,0.32088088770214845,0.05088066049052094
20.14,0.3213759208094786,0.05150910325056673
20.16,0.3218671743723029,0.052140504879499575
20.18,0.3223546307055465,0.05277484264692907
20.2,0.32283827226083395,0.05341209371676407
20.22,0.3233180816271216,0.05405223514803486
20.24,0.323794041531324,0.054695243895719094
20.26,0.324266134838936,0.05534109681157128
20.28,0.3247343445546495,0.05598977064495621
20.3,0.3251986538229653,0.05664124204368591
20.32,0.32565904592879985,0.05729548755486026
20.34,0.32611550429808533,0.05795248362570951
20.36,0.3265680124983713,0.05861220660444764
20.38,0.3270165542394116,0.05927463274111921
20.4,0.3274611133737521,0.05993973818845488
20.42,0.32790167389728064,0.060607499002682995
20.44,0.32833821994993034,0.06127789114458458
20.46,0.32877073581605715,0.061950890480063574
20.48,0.32919920592513685,0.0626264727812172
20.5,0.3296236148522919,0.0633046137271555
20.52,0.3300439473188465,0.06398528890487755
20.54,0.33046018819287737,0.06466847381015058
20.56,0.3308723224897578,0.06535414384839175
20.58,0.3312803353726978,0.06604227433555374
20.6,0.33168421215327765,0.06673284049901326
20.62,0.33208393829197685,0.06742581747846316
20.64,0.33247949939869775,0.0681211803268069
20.66,0.3328708812332828,0.06881890401105704
20.68,0.3332580697060286,0.06951896341323635
20.7,0.3336410508781918,0.07022133333128201
20.72,0.3340198109624915,0.07092598847995268
20.74,0.3343943363236046,0.07163290349173722
20.76,0.3347646134786591,0.07234205291777229
20.78,0.33513062909771785,0.07305341122875643
20.8,0.3354923700042582,0.07376695281586718
20.82,0.3358498231756221,0.07448265199163578
20.84,0.3362029757435844,0.07520048299106995
20.86,0.3365518149946647,0.07592041997227919
20.88,0.33689632837068767,0.07664243701760985
20.9,0.33723650346920925,0.07736650813452642
20.92,0.3375723280439623,0.07809260725654682
20.94,0.3379037900052985,0.078820708244181
20.96,0.33823087742062313,0.07955078488587224
20.98,0.33855357851482454,0.08028281089894015
21.0,0.3388718816706981,0.08101675993052733
21.02,0.33918577542936457,0.08175260555854795
21.04,0.3394952484906828,0.08249032129263886
21.06,0.33980028971365567,0.0832298805751133
21.08,0.3401008881168322,0.08397125678191694
21.1,0.3403970328787023,0.08471442322358642
21.12,0.3406887133380867,0.08545935314620992
21.14,0.34097591899451896,0.08620601973238771
21.16,0.3412586395086278,0.08695439610220654
21.18,0.3415368647025054,0.0877044553141979
21.2,0.3418105845600745,0.08845617036631095
21.22,0.3420797892274326,0.0892095141968372
21.24,0.3423444690132766,0.0899644596855796
21.26,0.34260461438914425,0.0907209796545306
21.28,0.34286021598983,0.09147904686905291
21.3,0.34311126461370406,0.09223863403880886
21.32,0.3433577512230429,0.09299971381874224
21.34,0.34359966694435556,0.0937622588100632
21.36,0.34383700306870185,0.09452624156123446
21.38,0.3440697510520069,0.09529163456895942
21.4,0.3442979025153686,0.09605841027917245
21.42,0.3445214492453589,0.09682654108803089
21.44,0.34474038319431966,0.09759599934290855
21.46,0.34495469648065225,0.0983667573433913
21.48,0.34516438138910166,0.09913878734227444
21.5,0.34536943037103385,0.0999120615465613
21.52,0.34556983604470676,0.10068655211846077
21.54,0.3457655911955385,0.10146223117639906
21.56,0.3459566887763648,0.10223907079601406
21.58,0.3461431219076934,0.1030170430111633
21.6,0.34632488387794025,0.10379611981488314
21.62,0.34650196814371764,0.1045762731605919
21.64,0.34667436832999904,0.10535747496280223
21.66,0.3468420782303963,0.10613969709833358
21.68,0.34700509180737116,0.1069229114072736
21.7,0.3471634031924525,0.1077070896939917
21.72,0.34731700668644755,0.10849220372815424
21.74,0.347465896759647,0.10927822524574093
21.76,0.3476100680520243,0.11006512595006188
21.78,0.34774951537342863,0.1108528775127767
21.8,0.3478842337037714,0.11164145157491427
21.82,0.34801421819320744,0.11243081974789353
21.84,0.3481394641623089,0.11322095361454548
21.86,0.3482599671022346,0.11401182473013624
21.88,0.34837572267489136,0.11480340462338907
21.9,0.3484867267130912,0.11559566479751406
21.92,0.3485929752207009,0.11638857673123178
21.94,0.34869446437278573,0.11718211187979817
21.96,0.3487911905157408,0.11797624167598632
21.98,0.34888315016744803,0.11877093753130709
22.0,0.3489703400173636,0.11956617083674533
22.02,0.3490527569266624,0.12036191296398764
22.04,0.34913039792834444,0.12115813526640345
22.06,0.34920326022734216,0.1219548090800758
22.08,0.34927134120062053,0.12275190572483348
22.1,0.349334638397272,0.12354939650528339
22.12,0.3493931495386042,0.12434725271184352
22.14,0.34944687251822254,0.12514544562177665
22.16,0.3494958054021054,0.12594394650022422
22.18,0.34953994642867436,0.12674272660124042
22.2,0.3495792940088571,0.12754175716882862
22.22,0.349613846726145,0.12834100943797433
22.24,0.3496436033366439,0.12914045463567844
22.26,0.34966856276911923,0.1299400639820038
22.28,0.349688724125034,0.13073980869110044
22.3,0.3497040866785807,0.13153965997219733
22.32,0.34971464987671075,0.1323395890308343
22.34,0.3497204133391495,0.1331395670695999
22.36,0.34972137685841276,0.1339395652893711
22.38,0.34971754039981406,0.13473955489029849
22.4,0.3497089041014653,0.13553950707284285
22.42,0.3496954682742724,0.13633939303881185
22.44,0.3496772334019235,0.13713918399239713
22.46,0.34965420014087245,0.1379388511412109
22.48,0.349626369320314,0.13873836569732204
22.5,0.34959374194215453,0.13953769887829287
22.52,0.34955631918097607,0.1403368219082152
22.54,0.3495141023839942,0.1411357060187464
22.56,0.349467093071009,0.14193432245014453
22.58,0.34941529293435103,0.1427326424523014
22.6,0.3493587038388192,0.14353063728578547
22.62,0.3492973278216148,0.1443282782228696
22.64,0.34923116709227203,0.14512553654851904
22.66,0.3491602240325614,0.14592238356161844
22.68,0.3490845011964299,0.1467187905757103
22.7,0.3490040013098913,0.14751472892022807
22.72,0.34891872727093304,0.14831016994147744
22.74,0.3488286821494112,0.1491050850036675
22.76,0.34873386918694027,0.14989944548994188
22.78,0.34863429179677685,0.1506932228034088
22.8,0.3485299535636962,0.15148638836817077
22.82,0.3484208582438635,0.15227891363035306
22.84,0.34830700976469847,0.15307077005913192
22.86,0.3481884122247339,0.15386192914776126
22.88,0.3480650698934684,0.15465236241459954
22.9,0.34793698721121286,0.1554420414041344
22.92,0.34780416878893056,0.15623093768800425
22.94,0.3476666194080698,0.15701902286603078
22.96,0.34752434402039317,0.15780626856723326
22.98,0.34737734774780804,0.15859264645080642
23.0,0.3472256358821463,0.15937812820732555
23.02,0.3470692138850282,0.16016268555948276
23.04,0.3469080873876286,0.1609462902632985
23.06,0.3467422621904841,0.1617289141090881
23.08,0.34657174426328385,0.1625105289224776
23.1,0.34639653974465484,0.16329110656541806
23.12,0.34621665494194054,0.16407061893719868
23.14,0.346032096330975,0.16484903797545822
23.16,0.34584287055584784,0.16562633565719542
23.18,0.34564898442866676,0.16640248399977775
23.2,0.34545044492931115,0.16717745506194856
23.22,0.34524725920518173,0.16795122094483347
23.24,0.3450394345709431,0.16872375379294205
23.26,0.3448269785082597,0.16949502579517564
23.28,0.34460989866552627,0.1702650091858271
23.3,0.3443882028576063,0.17103367624553506
23.32,0.3441618990654985,0.17180099930245707
23.34,0.3439309954361289,0.17256695073299982
23.36,0.3436955002820031,0.17333150296299446
23.38,0.3434554220809211,0.17409462846864332
23.4,0.34321076947567253,0.1748562997775106
23.42,0.34296155127372435,0.1756164894695114
23.44,0.34270777644690525,0.17637517017789892
23.46,0.3424494541310814,0.17713231459024953
23.48,0.3421865936258284,0.17788789544944641
23.5,0.3419192043940959,0.17864188555465996
23.52,0.3416472960618675,0.17939425776232798
23.54,0.3413708784178137,0.18014498498713213
23.56,0.34108996141294107,0.18089404020297054
23.58,0.3408045551602305,0.18164139644393865
23.6,0.3405146699342759,0.18238702680529312
23.62,0.34022031617092957,0.18313090444438287
23.64,0.33992150446686303,0.18387300258177405
23.66,0.33961824557928233,0.18461329450197156
23.68,0.3393105504254743,0.18535175355454628
23.7,0.3389984300824315,0.18608835315505204
23.72,0.3386818957864526,0.1868230667859829
23.74,0.3383609589327379,0.1875558679977274
23.76,0.33803563107497964,0.1882867304095211
23.78,0.3377059239249454,0.18901562771039607
23.8,0.337371849352057,0.18974253366012828
23.82,0.3370334193829632,0.19046742209018191
23.84,0.3366906462011063,0.19119026690465182
23.86,0.33634354214628437,0.19191104208120088
23.88,0.3359921197142063,0.19262972167200054
23.9,0.3356363915560405,0.19334627980466515
23.92,0.3352763704779813,0.19406069068314194
23.94,0.3349120694407089,0.19477292858879477
23.96,0.334543501559042,0.19548296788109498
23.98,0.3341706801013847,0.19619078299870468
24.0,0.33379361848926914,0.19689634846035609
24.02,0.3334123302968727,0.19759963886576873
24.04,0.3330268292505292,0.19830062889656408
24.06,0.33263712922823435,0.19899929331717658
24.08,0.3322432442591471,0.19969560697576277
24.1,0.33184518852308376,0.200389544805106
24.12,0.33144297635000786,0.2010810818235194
24.14,0.331036622219514,0.20177019313574487
24.16,0.330626140760308,0.2024568539338483
24.18,0.3302115467496785,0.20314103949811435
24.2,0.329792855112964,0.2038227251979387
24.22,0.3293700809230395,0.2045018864926755
24.24,0.328943239399685,0.20517849893266374
24.26,0.3285123459091729,0.20585253815989077
24.28,0.3280775061254587,0.20652387019334656
24.3,0.3276390222823211,0.20719299692721677
24.32,0.3271971983004908,0.20785992288693966
24.34,0.32675204522554435,0.20852463139940092
24.36,0.3263035741862856,0.20918710584692227
24.38,0.325851905619618,0.20984723338263586
24.4,0.3253973575480378,0.21050555336356835
24.42,0.3249401798399355,0.21116204989051027
24.44,0.32448037981014494,0.211816712459531
24.46,0.32401796481545847,0.21246953059604132
24.48,0.32355294225450465,0.2131204938549665
24.5,0.3230853195676345,0.21376959182090882
24.52,0.32261510423682255,0.21441681410828428
24.54,0.322142303785458,0.21506215036161414
24.56,0.32166692577836237,0.2157055902554982
24.58,0.3211890742635047,0.21634700916502111
24.6,0.32070897852179037,0.21698693697250596
24.62,0.3202269651599624,0.2176254216152531
24.64,0.31974303851613795,0.2182624573469051
24.66,0.31925720294565335,0.21889803843414476
24.68,0.31876956887267116,0.21953206194535263
24.7,0.31828040198869206,0.22016508291363923
24.72,0.31778997004195386,0.22079712428276857
24.74,0.3172982749941851,0.22142818352457408
24.76,0.3168053188121641,0.22205825811482124
24.78,0.31631110346771485,0.22268734553321287
24.8,0.31581563093771875,0.22331544326337344
24.82,0.31531890320402156,0.22394254879296854
24.84,0.31482120965076127,0.22456870763955916
24.86,0.31432278937667224,0.2251944689175623
24.88,0.31382374359061954,0.22581973146249368
24.9,0.31332407279164887,0.22644449464909128
24.92,0.31282377747943135,0.22706875785259142
24.94,0.3123232574588336,0.22769265973189137
24.96,0.31182264895403505,0.22831667185110846
24.98,0.31132204044923645,0.22894068397032552
25.0,0.31082143194443884,0.2295646960895413
25.02,0.3103208234396431,0.23018870820875467
25.04,0.30982021493484746,0.230812720327968
25.06,0.3093196064300711,0.23143673244715712
25.08,0.30881899792527256,0.232060744566374
25.1,0.3083183894204739,0.23268475668559074
25.12,0.30781778091567524,0.2333087688048075
25.14,0.30731717241087664,0.23393278092402434
25.16,0.3068165639060779,0.23455679304324106
25.18,0.3063159554012793,0.2351808051624579
25.2,0.3058153468964807,0.23580481728167468
25.22,0.30531473839168205,0.2364288294008915
25.24,0.30481412988688344,0.23705284152010828
25.26,0.30431352138208556,0.23767685363932414
25.28,0.3038129128772898,0.23830086575853737
25.3,0.30331230437249407,0.23892487787775052
25.32,0.30281169586771595,0.23954888999694177
25.34,0.3023110873629174,0.24017290211615863
25.36,0.30181047885811874,0.2407969142353754
25.38,0.30130987035332013,0.24142092635459222
25.4,0.3008092618485215,0.242044938473809
25.42,0.3003086533437228,0.2426689505930258
25.44,0.2998080448389242,0.24329296271224257
25.46,0.2993074363341256,0.24391697483145935
25.48,0.29880682782932694,0.24454098695067616
25.5,0.2983062193245284,0.24516499906989297
25.52,0.29780561081973206,0.24578901118910687
25.54,0.29730500231493634,0.24641302330832002
25.56,0.2968043938101579,0.2470370354275116
25.58,0.29630378530535917,0.24766104754672844
25.6,0.29580317680056045,0.24828505966594522
25.62,0.29530256829576174,0.24890907178516197
25.64,0.294801959790963,0.2495330839043788
25.66,0.2943013512861643,0.25015709602359554
25.68,0.2938007427813656,0.2507811081428124
25.7,0.29330013427656687,0.2514051202620292
25.72,0.29279952577176815,0.2520291323812461
25.74,0.29229891726696944,0.2526531445004629
25.76,0.29179830876217355,0.2532771566196764
25.78,0.29129770025737783,0.2539011687388898
25.8,0.290797091752598,0.2545251808580831
25.82,0.2902964832477993,0.2551491929773
25.84,0.28979587474300056,0.25577320509651674
25.86,0.28929526623820184,0.2563972172157336
25.88,0.2887946577334031,0.2570212293349504
25.9,0.2882940492286044,0.25764524145416723
25.92,0.2877934407238057,0.25826925357338415
25.94,0.287292832219007,0.25889326569260096
25.96,0.28679222371420826,0.25951727781181777
25.98,0.28629161520941115,0.2601412899310326
26.0,0.28579100670461544,0.26076530205024595
26.02,0.2852903981998358,0.26138931416943906
26.04,0.2847897896950371,0.2620133262886559
26.06,0.2842891811902384,0.2626373384078728
26.08,0.28378857268543967,0.2632613505270896
26.1,0.28328796418064095,0.2638853626463065
26.12,0.28278735567584223,0.26450937476552333
26.14,0.2822867471710435,0.26513338688474014
26.16,0.2817861386662448,0.265757399003957
26.18,0.2812855301614461,0.2663814111231738
26.2,0.28078492165664887,0.2670054232423887
26.22,0.2802843131518531,0.26762943536160155
26.24,0.2797837046470731,0.26825344748079477
26.26,0.279283096142274,0.26887745960001164
26.28,0.2787824876374749,0.26950147171922845
26.3,0.27828187913267577,0.2701254838384453
26.32,0.2777812706278767,0.2707494959576621
26.34,0.27728066212307756,0.27137350807687893
26.36,0.27678005361827845,0.27199752019609574
26.38,0.27627944511347935,0.2726215323153126
26.4,0.27577883660868024,0.2732455444345294
26.42,0.2752782281038835,0.27386955655374345
26.44,0.2747776195990878,0.27449356867295627
26.46,0.274277011094306,0.2751175807921515
26.48,0.273776402589507,0.27574159291136835
26.5,0.27327579408470776,0.2763656050305851
26.52,0.2727751855799087,0.27698961714980197
26.54,0.2722745770751096,0.27761362926901884
26.56,0.2717739685703105,0.27823764138823565
26.58,0.2712733600655114,0.2788616535074525
26.6,0.2707727515607123,0.2794856656266693
26.62,0.2702721430559147,0.28010967774588436
26.64,0.26977153455111896,0.28073368986509717
26.66,0.2692709260463371,0.28135770198429255
26.68,0.2687703175415381,0.28198171410350936
26.7,0.2682697090367389,0.2826057262227262
26.72,0.2677691005319398,0.283229738341943
26.74,0.2672684920271407,0.28385375046115985
26.76,0.2667678835223416,0.28447776258037666
26.78,0.2662672750175425,0.2851017746995935
26.8,0.26576666651274344,0.2857257868188104
26.82,0.2652660580079464,0.2863497989380248
26.84,0.2647654495031507,0.2869738110572376
26.86,0.26426484099836733,0.287597823176435
26.88,0.26376423249356823,0.2882218352956519
26.9,0.2632636239887692,0.28884584741486874
26.92,0.26276301548396996,0.2894698595340855
26.94,0.2622624069791709,0.29009387165330236
26.96,0.26176179847437175,0.29071788377251917
26.98,0.26126118996957265,0.291341895891736
27.0,0.2607605814647745,0.29196590801095185
27.02,0.26025997295997877,0.29258992013016466
27.04,0.2597593644551956,0.2932139322493618
27.06,0.2592587559503965,0.2938379443685787
27.08,0.25875814744559733,0.29446195648779544
27.1,0.2582575389407982,0.2950859686070123
27.12,0.2577569304359991,0.2957099807262291
27.14,0.2572563219312,0.2963339928454459
27.16,0.25675571342640097,0.29695800496466285
27.18,0.2562551049216027,0.29758201708387866
27.2,0.255754496416807,0.29820602920309147
27.22,0.2552538879120233,0.2988300413222893
27.24,0.2547532794072242,0.29945405344150616
27.26,0.2542526709024251,0.300078065560723
27.28,0.25375206239762593,0.3007020776799398
27.3,0.2532514538928269,0.3013260897991566
27.32,0.2527508453880278,0.30195010191837346
27.34,0.2522502368832287,0.30257411403759027
27.36,0.2517496283784313,0.30319812615680514
27.38,0.2512490198736355,0.303822138276018
27.4,0.25074841136885007,0.304446150395218
27.42,0.25024780286405096,0.3050701625144348
27.44,0.24974719435925197,0.30569417463365167
27.46,0.24924658585445306,0.30631818675286854
27.48,0.24874597734965415,0.30694219887208535
27.5,0.24824536884485524,0.3075662109913022
27.52,0.24774476034005724,0.3081902231105178
27.54,0.24724415183526124,0.3088142352297306
27.56,0.24674354333047535,0.309438247348931
27.58,0.24624293482567644,0.31006225946814786
27.6,0.24574232632087756,0.3106862715873646
27.62,0.24524171781607865,0.3113102837065815
27.64,0.2447411093112797,0.31193429582579835
27.66,0.24424050080648083,0.31255830794501516
27.68,0.24373989230168333,0.31318232006423
27.7,0.2432392837968873,0.31380633218344284
27.72,0.24273867529209991,0.3144303443026448
27.74,0.242238066787301,0.3150543564218611
27.76,0.2417374582825021,0.3156783685410774
27.78,0.24123684977770318,0.31630238066029365
27.8,0.24073624127290427,0.31692639277950996
27.82,0.24023563276810592,0.31755040489872555
27.84,0.23973502426330992,0.31817441701793836
27.86,0.2392344157585225,0.31879842913714046
27.88,0.2387338072537236,0.31942244125635677
27.9,0.23823319874892473,0.320046453375573
27.92,0.23773259024412585,0.32067046549478934
27.94,0.237231981739327,0.3212944776140056
27.96,0.23673137323452886,0.321918489733221
27.98,0.23623076472973292,0.3225425018524339
28.0,0.23573015622494442,0.3231665139716373
28.02,0.2352295477201455,0.32379052609085357
28.04,0.23472893921534657,0.3244145382100699
28.06,0.2342283307105477,0.32503855032928614
28.08,0.23372772220574875,0.32566256244850245
28.1,0.2332271137009526,0.3262865745677154
28.12,0.2327265051961635,0.32691058668691964
28.14,0.23222589669136456,0.3275345988061359
28.16,0.23172528818656565,0.3281586109253522
28.18,0.23122467968176677,0.32878262304456846
28.2,0.2307240711769686,0.3294066351637839
28.22,0.2302234626721805,0.3300306472829868
28.24,0.22972285416738153,0.3306546594022031
28.26,0.2292222456625826,0.3312786715214194
28.28,0.22872163715778362,0.3319026836406357
28.3,0.2282210286529847,0.33252669575985194
28.32,0.22772042014818844,0.3331507078790649
28.34,0.2272198116433973,0.3337747199982715
28.36,0.22671920313859836,0.3343987321174878
28.38,0.2262185946337994,0.3350227442367041
28.4,0.22571798612900074,0.33564675635592
28.42,0.2252173776242111,0.33627076847512477
28.44,0.22471676911941216,0.336894780594341
28.46,0.2242161606146132,0.33751879271355734
28.48,0.22371555210981425,0.3381428048327736
28.5,0.22321494360501756,0.3387668169519871
28.52,0.22271433510022498,0.3393908290711955
28.54,0.22221372659542604,0.34001484119041175
28.56,0.22171311809062708,0.34063885330962806
28.58,0.22121250958583025,0.34126286542884177
28.6,0.22071190108103728,0.3418868775480506
28.62,0.2202112925762383,0.3425108896672669
28.64,0.2197106840714395,0.343134901786483
28.66,0.21921007556664765,0.34375891390569047
28.68,0.21870946706184868,0.3443829260249068
28.7,0.21820885855704975,0.34500693814412303
28.72,0.21770825005225644,0.34563095026333246
28.74,0.21720764154745725,0.3462549623825492
28.76,0.21670703304265923,0.3468789745017645
28.78,0.21620642453786376,0.3475029866209767
28.8,0.2157058160330653,0.34812699874019243
28.82,0.21520520752826933,0.34875101085940513
28.84,0.2147045990234727,0.34937502297861867
28.86,0.21420399051865405,0.34999903509785973
28.88,0.21370338201383973,0.35062304721709525
28.9,0.21320277350903408,0.35124705933632
28.92,0.21270216500422193,0.3518710714555525
28.94,0.21220155649941105,0.3524950835747833
28.96,0.21170094799460612,0.3531190956940064
28.98,0.21120033948979694,0.3537431078132353
29.0,0.21069973098483066,0.35436711993266007
29.02,0.21019912247977324,0.35499113205219823
29.04,0.20969851397453917,0.3556151441719562
29.06,0.20919790546947395,0.3562391562915038
29.08,0.20869729696459619,0.3568631684108178
29.1,0.20819668845967856,0.35748718053018186
29.12,0.20769607995462966,0.35811119264970964
29.14,0.2071954714497454,0.3587352047690323
29.16,0.2066948629449151,0.3593592168882877
29.18,0.20619425444008724,0.3599832290075402
29.2,0.205693645935242,0.3606072411268144
29.22,0.2051930374304241,0.3612312532460546
29.24,0.20469242892562564,0.36185526536527063
29.26,0.2041918204207805,0.36247927748454495
29.28,0.20369121191594416,0.36310328960380833
29.3,0.2031906034111466,0.3637273017230233
29.32,0.20268999490633618,0.36435131384225433
29.34,0.20218938640153916,0.36497532596146864
29.36,0.20168877789673767,0.36559933808068856
29.38,0.2011881693919374,0.36622335019990704
29.4,0.20068756088712952,0.36684736231913523
29.42,0.2001869523823311,0.36747137443835165
29.44,0.19968634387752884,0.36809538655757273
29.46,0.19918573537273165,0.3687193986767875
29.48,0.19868512686793544,0.36934341079600125
29.5,0.19818451836313752,0.36996742291521706
29.52,0.19768390985834133,0.3705914350344307
29.54,0.19718330135354453,0.3712154471536452
29.56,0.1966826928487477,0.37183945927285955
29.58,0.19618208434395004,0.3724634713920749
29.6,0.19568147583915352,0.3730874835112887
29.62,0.1951808673343562,0.37371149563050343
29.64,0.19468025882955997,0.37433550774971674
29.66,0.19417965032476378,0.37495951986893
29.68,0.19367904181996762,0.3755835319881433
29.7,0.1931784333151717,0.37620754410735624
29.72,0.192677824810376,0.37683155622656905
29.74,0.19217721630558,0.37745556834578214
29.76,0.19167660780078383,0.37807958046499535
29.78,0.19117599929598797,0.3787035925842085
29.8,0.19067539079119203,0.37932760470342175
29.82,0.19017478228639645,0.3799516168226346
29.84,0.18967417378160065,0.3805756289418479
29.86,0.1891735652768049,0.381199641061061
29.88,0.18867295677200915,0.38182365318027417
29.9,0.1881723482672134,0.38244766529948737
29.92,0.1876717397624176,0.38307167741870063
29.94,0.18717113125762183,0.3836956895379138
29.96,0.18667052275282603,0.3843197016571269
29.98,0.18616991424803023,0.38494371377634007
30.0,0.18566930574323443,0.3855677258955532
30.02,0.18516869723843862,0.3861917380147664
30.04,0.18466808873364285,0.3868157501339796
30.06,0.18416748022884705,0.38743976225319277
30.08,0.18366687172405127,0.3880637743724059
30.1,0.1831662632192554,0.3886877864916191
30.12,0.1826656547144594,0.38931179861083237
30.14,0.1821650462096638,0.38993581073004524
30.16,0.18166443770486793,0.3905598228492585
30.18,0.18116382920007107,0.39118383496847275
30.2,0.18066322069527513,0.3918078470876859
30.22,0.18016261219047924,0.3924318592068991
30.24,0.1796620036856832,0.3930558713261122
30.26,0.17916139518088775,0.3936798834453249
30.28,0.17866078667609167,0.3943038955645384
30.3,0.17816017817129595,0.3949279076837512
30.32,0.17765956966650018,0.3955519198029642
30.34,0.17715896116170463,0.39617593192217704
30.36,0.17665835265690852,0.39679994404139046
30.38,0.17615774415211244,0.39742395616060394
30.4,0.17565713564731672,0.3980479682798169
30.42,0.17515652714252025,0.3986719803990309
30.44,0.1746559186377243,0.39929599251824405
30.46,0.17415531013292834,0.39992000463745725
30.48,0.1736547016281326,0.40054401675667034
30.5,0.17315409312333613,0.4011680288758842
30.52,0.17265348461854055,0.40179204099509686
30.54,0.1721528761137447,0.40241605311430984
30.56,0.17165226760894917,0.4030400652335226
30.58,0.1711516591041534,0.40366407735273563
30.6,0.17065105059935695,0.4042880894719495
30.62,0.17015044209456137,0.4049121015911622
30.64,0.1696498335897656,0.40553611371037523
30.66,0.1691492250849696,0.40616012582958844
30.68,0.16864861658017352,0.40678413794880175
30.7,0.16814800807537778,0.40740815006801473
30.72,0.1676473995705813,0.4080321621872285
30.74,0.16714679106578523,0.4086561743064417
30.76,0.16664618256098915,0.409280186425655
30.78,0.16614557405619268,0.4099041985448688
30.8,0.16564496555139616,0.4105282106640825
30.82,0.16514435704660024,0.4111522227832957
30.84,0.16464374854180402,0.4117762349025091
30.86,0.16414314003700803,0.4124002470217222
30.88,0.16364253153221134,0.41302425914093605
30.9,0.163141923027415,0.4136482712601495
30.92,0.16264131452261876,0.41427228337936295
30.94,0.1621407060178224,0.41489629549857643
